{
  "number_of_records": 1,
  "records": [
    {
      "identifier": "NC_045512.2",
      "sequence_length": 29903,
      "descriptor_dimension": 58,
      "feature_labels": [
        "k3_wh_dc",
        "k3_wh_low_square",
        "k3_wh_mid_square",
        "k3_wh_total",
        "k3_wh_entropy",
        "k3_haar_dc",
        "k3_haar_low_square",
        "k3_haar_mid_square",
        "k3_haar_total",
        "k3_haar_entropy",
        "k3_smooth_p0_q0",
        "k3_smooth_p0_q1",
        "k3_smooth_p0_q2",
        "k3_smooth_p0_q3",
        "k3_smooth_p1_q0",
        "k3_smooth_p1_q1",
        "k3_smooth_p1_q2",
        "k3_smooth_p1_q3",
        "k3_smooth_p2_q0",
        "k3_smooth_p2_q1",
        "k3_smooth_p2_q2",
        "k3_smooth_p2_q3",
        "k3_smooth_p3_q0",
        "k3_smooth_p3_q1",
        "k3_smooth_p3_q2",
        "k3_smooth_p3_q3",
        "k3_polar_disk0_energy",
        "k3_polar_disk1_energy",
        "k3_polar_disk2_energy",
        "k4_wh_dc",
        "k4_wh_low_square",
        "k4_wh_mid_square",
        "k4_wh_total",
        "k4_wh_entropy",
        "k4_haar_dc",
        "k4_haar_low_square",
        "k4_haar_mid_square",
        "k4_haar_total",
        "k4_haar_entropy",
        "k4_smooth_p0_q0",
        "k4_smooth_p0_q1",
        "k4_smooth_p0_q2",
        "k4_smooth_p0_q3",
        "k4_smooth_p1_q0",
        "k4_smooth_p1_q1",
        "k4_smooth_p1_q2",
        "k4_smooth_p1_q3",
        "k4_smooth_p2_q0",
        "k4_smooth_p2_q1",
        "k4_smooth_p2_q2",
        "k4_smooth_p2_q3",
        "k4_smooth_p3_q0",
        "k4_smooth_p3_q1",
        "k4_smooth_p3_q2",
        "k4_smooth_p3_q3",
        "k4_polar_disk0_energy",
        "k4_polar_disk1_energy",
        "k4_polar_disk2_energy"
      ],
      "descriptor": [
        0.015624999999999997,
        0.016547833481180288,
        0.01795217356860485,
        0.019544231312203775,
        0.98286913373416,
        0.015624999999999983,
        0.01654792309946277,
        0.017951853683066052,
        0.019544231312203758,
        1.0714809287423723,
        0.9999999999999999,
        -0.03246045282766446,
        -0.030490619042841213,
        0.11599277616133244,
        0.23006922845389788,
        -0.0067128189692651705,
        -0.03766328885321557,
        0.062097254272432345,
        0.2164442660780576,
        0.037792715962676825,
        -0.0073412260459515925,
        -0.0023627972308618295,
        -0.035390120731748104,
        -0.05019832112638369,
        0.044408548209089974,
        -0.002176515835590802,
        2.7688069354427864,
        3.9256609336985706,
        1.8414042579067764,
        0.00390625,
        0.004487894151072136,
        0.0048859526179796655,
        0.005395451952439011,
        1.7554424999610494,
        0.0039062499999999974,
        0.004487861153678367,
        0.004885868726300597,
        0.005395451952439007,
        1.9014332820119073,
        1.0,
        -0.03278929765886307,
        -0.03249163879598675,
        0.11872575250836123,
        0.23555518394648822,
        -0.007070568561872936,
        -0.04212675585284284,
        0.06603344481605349,
        0.23004682274247482,
        0.04084548494983278,
        -0.006740133779264249,
        -0.0014384615384615308,
        -0.035013377926421334,
        -0.05312675585284278,
        0.04766153846153848,
        -0.0018290969899665624,
        2.745451510038148,
        3.8135166977122426,
        2.0224917251246737
      ],
      "quality_control": [
        {
          "sequence_length": 29903,
          "k": 3,
          "total_windows": 29901,
          "valid_windows": 29901,
          "invalid_windows": 0,
          "valid_window_fraction": 1.0
        },
        {
          "sequence_length": 29903,
          "k": 4,
          "total_windows": 29900,
          "valid_windows": 29900,
          "invalid_windows": 0,
          "valid_window_fraction": 1.0
        }
      ]
    }
  ]
}